data-total-items,data-first-item,data-last-item,data-current-page,data-total-pages,country
472,1,25,1,19,Australia
131,1,25,1,6,Indonesia
14,1,14,1,1,Pakistan
121,1,25,1,5,New Zealand
15,1,15,1,1,Laos
21,1,21,1,1,Cambodia
6,1,6,1,1,Mongolia
27,1,25,1,2,Myanmar
114,1,25,1,5,Malaysia
74,1,25,1,3,Thailand
51,1,25,1,3,Taiwan
362,1,25,1,15,India
434,1,25,1,18,Singapore
9,1,9,1,1,Brunei
10,1,10,1,1,Bangladesh
418,1,25,1,17,China
22,1,22,1,1,Sri Lanka
288,1,25,1,12,Japan
47,1,25,1,2,Kazakhstan
73,1,25,1,3,Vietnam
61,1,25,1,3,Philippines
